setup_index,setup_experiment_index,material,electrolyte_concentration_M,replicate,setup_label,z_mean,z_sd,z_median,z_hdi95_lower,z_hdi95_upper,offset_mean,offset_sd,offset_median,offset_hdi95_lower,offset_hdi95_upper
0,0,Ag10Pd90,0.25,A,material=Ag10Pd90 | electrolyte_concentration_M=0.25 | replicate=A,0.19963694549921768,0.8536701816593021,0.20976512316098286,-1.5154236324273012,1.7873154284354278,0.015865722533002478,0.04323913353666193,0.012897647985432152,-0.07231406183457893,0.10332387785429285
1,0,Ag10Pd90,0.25,B,material=Ag10Pd90 | electrolyte_concentration_M=0.25 | replicate=B,0.3303886274442675,0.8580689787939308,0.3465300874483559,-1.3355130151306192,2.0711783554404755,0.025084115511074707,0.04511617668244044,0.02174465233687288,-0.05943990610426757,0.11719406226721883
2,0,Ag10Pd90,0.25,C,material=Ag10Pd90 | electrolyte_concentration_M=0.25 | replicate=C,-0.528948971499435,0.8610879069343539,-0.5429578295563622,-2.290973006616314,1.1030464587837758,-0.04094983804407719,0.047312646150172596,-0.035909162816063545,-0.13775378887427547,0.04510950828322034
3,1,Ag10Pd90,0.5,A,material=Ag10Pd90 | electrolyte_concentration_M=0.5 | replicate=A,0.10510291712877591,0.8369284998346204,0.10992133525443146,-1.5358653058249012,1.7701988436710978,0.0077120967874403715,0.041502952961568515,0.006729571062581395,-0.08071967792263328,0.0898528138662205
4,1,Ag10Pd90,0.5,B,material=Ag10Pd90 | electrolyte_concentration_M=0.5 | replicate=B,0.27498206752785864,0.8307816471839524,0.280028904996741,-1.306812612038086,1.9932645413854482,0.020306946659756443,0.04294863634665995,0.017778956195155918,-0.07589734859670547,0.10186991277358644
5,1,Ag10Pd90,0.5,C,material=Ag10Pd90 | electrolyte_concentration_M=0.5 | replicate=C,-0.37173848100541906,0.8240180427107724,-0.3820478210951972,-1.941886430987095,1.2659761427573093,-0.028019043447196815,0.043738746096105785,-0.024884837542361826,-0.12023323993536408,0.053309841281349156
6,2,Ag10Pd90,1.0,A,material=Ag10Pd90 | electrolyte_concentration_M=1.0 | replicate=A,0.6120987542265908,0.8511507495184215,0.606204291658077,-1.0519782917479397,2.226479173943436,0.0473235425365251,0.04766129607278461,0.04108179280749893,-0.03428674790838819,0.14588865750661276
7,2,Ag10Pd90,1.0,B,material=Ag10Pd90 | electrolyte_concentration_M=1.0 | replicate=B,-0.42300784930331886,0.8425549473059157,-0.43708053511179124,-2.075759491813836,1.2597909499570608,-0.03212129771412796,0.04455542788073009,-0.027813579856517244,-0.12481967601518823,0.05432038132062812
8,2,Ag10Pd90,1.0,C,material=Ag10Pd90 | electrolyte_concentration_M=1.0 | replicate=C,-0.20467844782428235,0.8566472756777754,-0.19255363598885952,-1.9279062664621502,1.4391635751645178,-0.015202244822397135,0.04237742463652768,-0.013115071769975062,-0.09458700972715203,0.07326114909862229
9,3,Ag25Pd75,0.25,A,material=Ag25Pd75 | electrolyte_concentration_M=0.25 | replicate=A,0.8723501742891889,0.6579047244356508,0.8529474682627027,-0.41391435451841085,2.1796646383961717,0.14564470592697978,0.0422590339364068,0.1449912840835026,0.061643171909781524,0.22703984649655765
10,3,Ag25Pd75,0.25,B,material=Ag25Pd75 | electrolyte_concentration_M=0.25 | replicate=B,0.6760246375739047,0.6582746062994701,0.6621242187143448,-0.5288745247448886,2.040416653631604,0.11273649597942728,0.04091560547701483,0.11269355562488437,0.030390239936994832,0.19181799282650863
11,3,Ag25Pd75,0.25,C,material=Ag25Pd75 | electrolyte_concentration_M=0.25 | replicate=C,-1.5587343928692192,0.7343606894223659,-1.5315738336909446,-2.994908094108318,-0.10785077651967123,-0.25838120190640707,0.043180425595878646,-0.25866635491287565,-0.3429942729940733,-0.17388949381696767
12,4,Ag25Pd75,0.5,A,material=Ag25Pd75 | electrolyte_concentration_M=0.5 | replicate=A,-0.3494748763902195,0.6462501400902185,-0.34923976689055747,-1.5613853855357758,0.9447231243008837,-0.056060269960527806,0.0408352104671263,-0.0564667308126407,-0.13671402824708778,0.024171263475804106
13,4,Ag25Pd75,0.5,B,material=Ag25Pd75 | electrolyte_concentration_M=0.5 | replicate=B,-0.2568807579451193,0.637761534944559,-0.2585055313386694,-1.4680212201885765,0.990798986212868,-0.041083040064999625,0.041827047214495955,-0.040694205112370395,-0.1293408151078912,0.03379932244991872
14,4,Ag25Pd75,0.5,C,material=Ag25Pd75 | electrolyte_concentration_M=0.5 | replicate=C,0.5729093866887451,0.6542800239024764,0.5589375453832979,-0.663702398612024,1.9080091921680142,0.09714331002552742,0.041048396436910814,0.09631767936586974,0.016661244950803306,0.17707357240042643
15,5,Ag25Pd75,1.0,A,material=Ag25Pd75 | electrolyte_concentration_M=1.0 | replicate=A,-0.8049863174234728,0.6311553171526257,-0.7911279212943372,-2.081287935376775,0.38869767717837633,-0.1375116193193652,0.03998500276753273,-0.13697581496274341,-0.21572367596036793,-0.05841266112301863
16,5,Ag25Pd75,1.0,B,material=Ag25Pd75 | electrolyte_concentration_M=1.0 | replicate=B,-0.03750002709853231,0.608035418012508,-0.05201428102885593,-1.14294317797206,1.2359046333505395,-0.010039001007777743,0.03955050956452546,-0.009602772074386878,-0.09055974823846473,0.06598504241635252
17,5,Ag25Pd75,1.0,C,material=Ag25Pd75 | electrolyte_concentration_M=1.0 | replicate=C,0.9091785487241529,0.6389490291523376,0.9051111480076779,-0.3772123829886723,2.119955289951564,0.14755062032714292,0.04105534310123757,0.1479183926048923,0.06609357671529677,0.2242534808398568
18,6,Ag50Pd50,0.25,A,material=Ag50Pd50 | electrolyte_concentration_M=0.25 | replicate=A,-0.4259970299062878,0.6114174876402984,-0.42011093123620724,-1.5783184948789184,0.7811809537976027,-0.0768143655460207,0.02346111862524707,-0.0767857789404347,-0.12044744657526428,-0.02932650435643993
19,6,Ag50Pd50,0.25,B,material=Ag50Pd50 | electrolyte_concentration_M=0.25 | replicate=B,-0.054346078468965824,0.5976691080411525,-0.04646466730509987,-1.2188817692765077,1.0973681342252073,-0.010169891877579763,0.023498770886439858,-0.00962949650402425,-0.054792702358378846,0.03632490956869148
20,6,Ag50Pd50,0.25,C,material=Ag50Pd50 | electrolyte_concentration_M=0.25 | replicate=C,0.4887646711759734,0.6121497985668016,0.49015579439445855,-0.757411132539114,1.6101143240044593,0.08698425742360047,0.02294493377442005,0.08703367562895785,0.04081888023332011,0.12964506121132618
21,7,Ag50Pd50,0.5,A,material=Ag50Pd50 | electrolyte_concentration_M=0.5 | replicate=A,0.8516384175686995,0.6329748429898933,0.8492411683466832,-0.3538611654238123,2.1093221317853836,0.15095432747528872,0.02295505599223088,0.1505975716258472,0.10762037661904253,0.19769389876997895
22,7,Ag50Pd50,0.5,B,material=Ag50Pd50 | electrolyte_concentration_M=0.5 | replicate=B,0.8599926945186382,0.6366069321352912,0.8545051291827933,-0.39859837289806166,2.0617173870536067,0.15239176557522743,0.02296553271764594,0.15284589920149816,0.10893542520439309,0.19797785196417217
23,7,Ag50Pd50,0.5,C,material=Ag50Pd50 | electrolyte_concentration_M=0.5 | replicate=C,-1.6860981831456052,0.7293524357290891,-1.6829273760421175,-3.060764807059149,-0.2768054280678576,-0.30334609305051613,0.023279455518233787,-0.30313213925393995,-0.3471192384277648,-0.2568063690684825
24,8,Ag50Pd50,1.0,A,material=Ag50Pd50 | electrolyte_concentration_M=1.0 | replicate=A,0.5295425995617898,0.6034141425303233,0.523744919741279,-0.644222763682164,1.6885462341755582,0.09585434584999623,0.023232363498342824,0.09576598219902122,0.04879879226162204,0.13774216896658872
25,8,Ag50Pd50,1.0,B,material=Ag50Pd50 | electrolyte_concentration_M=1.0 | replicate=B,0.34625763930078146,0.5948175866520298,0.341750279093733,-0.7916238280310901,1.509395312781771,0.06322724647051041,0.022935716142174538,0.06323704795786728,0.018287735497694087,0.10754926494723849
26,8,Ag50Pd50,1.0,C,material=Ag50Pd50 | electrolyte_concentration_M=1.0 | replicate=C,-0.8968278083100988,0.6363499035577422,-0.9002495667741228,-2.105323586054581,0.3788650009809047,-0.15908159232050664,0.023958105961567333,-0.15878301819323218,-0.20540151389226124,-0.11190886616327896
27,9,Ag75Pd25,0.25,A,material=Ag75Pd25 | electrolyte_concentration_M=0.25 | replicate=A,0.798297206548478,0.6501635350084806,0.7896085065016081,-0.526071439400854,1.9902457170325611,0.08665074616516577,0.021366493353693203,0.08633672719209545,0.04543177695332809,0.12796691992526532
28,9,Ag75Pd25,0.25,B,material=Ag75Pd25 | electrolyte_concentration_M=0.25 | replicate=B,-0.12013103209552414,0.6217724146080091,-0.11784789453198298,-1.301533999836581,1.1459284611296325,-0.012051553568250606,0.021407193821705313,-0.011957626906897181,-0.05277530393157795,0.03200144587037734
29,9,Ag75Pd25,0.25,C,material=Ag75Pd25 | electrolyte_concentration_M=0.25 | replicate=C,-0.7052578549861287,0.6410547462348924,-0.6998332649188949,-1.9677969774087432,0.5555822947069455,-0.07459919259691518,0.020900988563273593,-0.07433615613797405,-0.11688547730572386,-0.03517722599512043
30,10,Ag75Pd25,0.5,A,material=Ag75Pd25 | electrolyte_concentration_M=0.5 | replicate=A,0.010482079600883307,0.6019340955996837,0.012118300251832108,-1.1433899135869645,1.2346917459707711,0.000560826061031147,0.020740147222086017,0.0004030007216819548,-0.03655389183541511,0.04419852580564311
31,10,Ag75Pd25,0.5,B,material=Ag75Pd25 | electrolyte_concentration_M=0.5 | replicate=B,-0.13575671131544123,0.6010366939040817,-0.13654610970080755,-1.3134007993885861,1.0258610120858531,-0.015087999913135523,0.021041791731707046,-0.014867526146995151,-0.055831467953285474,0.025050490998982704
32,10,Ag75Pd25,0.5,C,material=Ag75Pd25 | electrolyte_concentration_M=0.5 | replicate=C,0.13908226750945527,0.6097552472851037,0.1433437925205443,-1.0659822753279053,1.3426525015343527,0.014527173852104374,0.020651168725289517,0.014061399205892154,-0.025503354238508455,0.053360227866680446
33,11,Ag75Pd25,1.0,A,material=Ag75Pd25 | electrolyte_concentration_M=1.0 | replicate=A,0.6403333800155494,0.631751392443527,0.6353964162688299,-0.5742263865535842,1.9292367841889804,0.06949536498241213,0.02113214905059743,0.06979671659089985,0.03006270370498149,0.11318144840408442
34,11,Ag75Pd25,1.0,B,material=Ag75Pd25 | electrolyte_concentration_M=1.0 | replicate=B,0.9524446700008213,0.656448404938252,0.9432997932198859,-0.2914051379874397,2.2562178720399895,0.10315543778191207,0.021526209763168175,0.1030847664691521,0.059529232904533706,0.14444261859017887
35,11,Ag75Pd25,1.0,C,material=Ag75Pd25 | electrolyte_concentration_M=1.0 | replicate=C,-1.6175707292335528,0.7414215094772529,-1.6115134341109756,-3.0530375432462122,-0.13953713506650756,-0.1726508027643242,0.022483236240598108,-0.172324125882939,-0.21858070174217484,-0.1306207323619918
36,12,Ag90Pd10,0.25,A,material=Ag90Pd10 | electrolyte_concentration_M=0.25 | replicate=A,0.6991822897195196,0.6258675184346573,0.6854328493986794,-0.4267010400767651,1.9947158432205976,0.1614514644193015,0.03652526684645459,0.16121040694443153,0.09524145827786051,0.23983320510806702
37,12,Ag90Pd10,0.25,B,material=Ag90Pd10 | electrolyte_concentration_M=0.25 | replicate=B,1.1045283363806901,0.6684742349658103,1.0940737763683024,-0.24887661600520117,2.347819413814349,0.25472913520042567,0.03531725362003028,0.2547082114514526,0.18500141213570612,0.3225693940659082
38,12,Ag90Pd10,0.25,C,material=Ag90Pd10 | electrolyte_concentration_M=0.25 | replicate=C,-1.804456418976183,0.7306566316981549,-1.8017476135384478,-3.1838199295437817,-0.3684897692065432,-0.4161805996197272,0.036495983252973735,-0.416145737505812,-0.4846459434900073,-0.3442611799835466
39,13,Ag90Pd10,0.5,A,material=Ag90Pd10 | electrolyte_concentration_M=0.5 | replicate=A,0.6348544548381596,0.6012282260780437,0.6325627733911818,-0.5292370447729174,1.7853166371636768,0.1439879374762466,0.037645812353505795,0.14377838008943017,0.07382709920850804,0.22006288540542612
40,13,Ag90Pd10,0.5,B,material=Ag90Pd10 | electrolyte_concentration_M=0.5 | replicate=B,-0.26929258828853697,0.5860431603466814,-0.2689159426655655,-1.4148947986400566,0.8376016997082141,-0.06480308038168352,0.03525585594201503,-0.06520858200103738,-0.1357534722739258,0.0011828264156419546
41,13,Ag90Pd10,0.5,C,material=Ag90Pd10 | electrolyte_concentration_M=0.5 | replicate=C,-0.3321683709635092,0.5890533479591882,-0.3399393735640166,-1.5266200518694717,0.7868312954280334,-0.0791848570945631,0.03587599255550842,-0.07950270168243587,-0.1456639975818,-0.0049181816745847194
42,14,Ag90Pd10,1.0,A,material=Ag90Pd10 | electrolyte_concentration_M=1.0 | replicate=A,0.552116041674859,0.5972196629911068,0.5515458997602185,-0.5771712455472251,1.7723124701959099,0.12962532394846357,0.03621259025297065,0.128964825451104,0.057972442236787616,0.19903067843372477
43,14,Ag90Pd10,1.0,B,material=Ag90Pd10 | electrolyte_concentration_M=1.0 | replicate=B,0.2827693584578106,0.5838960674138048,0.2730019585102428,-0.7914179705954751,1.4961846594338726,0.06756945843425331,0.0342071075101858,0.0676737806814007,0.0003278887748175972,0.1305531964116713
44,14,Ag90Pd10,1.0,C,material=Ag90Pd10 | electrolyte_concentration_M=1.0 | replicate=C,-0.8655418349506849,0.6215506457875544,-0.8692204123926235,-2.0451485464371766,0.3655187462735735,-0.19719478238271687,0.036319950303698646,-0.19776659091411236,-0.26769975931743184,-0.1259542522844342
45,15,Pd100,0.25,A,material=Pd100 | electrolyte_concentration_M=0.25 | replicate=A,-0.7940348108233988,0.6398351396320104,-0.7846528259749695,-2.001720043745547,0.49481923205342526,-0.09324498471931947,0.02426088535026761,-0.09339313366704524,-0.13763818000707442,-0.043622663334217215
46,15,Pd100,0.25,B,material=Pd100 | electrolyte_concentration_M=0.25 | replicate=B,0.5642733926068706,0.619126266823145,0.5490189635090458,-0.6587502295064452,1.7697768733017236,0.06518285868882427,0.023494075573135865,0.06535896435503653,0.01978868032042471,0.11197994606276769
47,15,Pd100,0.25,C,material=Pd100 | electrolyte_concentration_M=0.25 | replicate=C,0.24748426121187067,0.6067815010726824,0.2445520216555917,-0.9096800104379926,1.482182679948477,0.02806212603049522,0.023434524795808143,0.028087916308457243,-0.018521516648511684,0.07304376992639602
48,16,Pd100,0.5,A,material=Pd100 | electrolyte_concentration_M=0.5 | replicate=A,0.23432827205741075,0.6076901108027263,0.22934176426948724,-0.9132346499868075,1.4409145574739008,0.027652734405868337,0.02260956707631484,0.02745729280542284,-0.02008507319625092,0.06796273525657873
49,16,Pd100,0.5,B,material=Pd100 | electrolyte_concentration_M=0.5 | replicate=B,1.1915188883382202,0.6806545279820337,1.181809375107099,-0.11818381283105817,2.5228023461464395,0.13941631056895995,0.023562948403685863,0.13946717660798522,0.09208174382799057,0.18347821178108992
50,16,Pd100,0.5,C,material=Pd100 | electrolyte_concentration_M=0.5 | replicate=C,-1.433912566596543,0.6974115940021097,-1.4168449892768922,-2.90968178645991,-0.1519425156306189,-0.16706904497482827,0.023461738944012725,-0.16736922481086097,-0.2140512885539821,-0.1211968441068893
51,17,Pd100,1.0,A,material=Pd100 | electrolyte_concentration_M=1.0 | replicate=A,-0.6557002381948092,0.6457584108144807,-0.6619343042597928,-1.9654095441044863,0.5091692938444344,-0.07737531450659373,0.02283344143095304,-0.0772840525306252,-0.1216109313257395,-0.03356781529620509
52,17,Pd100,1.0,B,material=Pd100 | electrolyte_concentration_M=1.0 | replicate=B,0.4898697855249785,0.627917089234873,0.47920749039645094,-0.7531448191237886,1.7184098254479234,0.05632098674620725,0.023280018861273347,0.05611055917425291,0.011947088663449932,0.10320728945664939
53,17,Pd100,1.0,C,material=Pd100 | electrolyte_concentration_M=1.0 | replicate=C,0.18814644110539347,0.6225310124448612,0.18489707115224197,-1.0345350219968528,1.4037575466532928,0.021054327760386477,0.023116014649338594,0.021370676033792488,-0.02838490476365949,0.06221877063994873
