catalyst,Ag_content_at%,CO_pressure,CO_pressure_idx,KOH_M,KOH_idx,slope_alpha,slope_oh,diff_slope
Pd100,0,0.1% CO,0,0.25,0,0.13324110085900148,-2.4410634230391253,-2.574304523898127
Pd100,0,0.1% CO,0,0.5,1,-0.23444239259194508,-0.21621029760216967,0.018232094989775405
Pd100,0,0.1% CO,0,1.0,2,-0.3117842330660793,0.31354915451920295,0.6253333875852822
Pd100,0,1% CO,1,0.25,0,-0.05317313327151317,-0.5888524455733369,-0.5356793123018238
Pd100,0,1% CO,1,0.5,1,-0.4203026654901154,0.02520338431099117,0.4455060498011066
Pd100,0,1% CO,1,1.0,2,-0.23008785617646868,0.5684216282081948,0.7985094843846634
Pd100,0,10% CO,2,0.25,0,0.5503873835547926,0.8016994959844127,0.25131211242962015
Pd100,0,10% CO,2,0.5,1,-0.10523347531598753,1.3750016549567194,1.480235130272707
Pd100,0,10% CO,2,1.0,2,-0.052240639588252466,1.638234456689806,1.6904750962780584
Pd100,0,100% CO,3,0.25,0,0.6684388382044482,1.4497358369726128,0.7812969987681646
Pd100,0,100% CO,3,0.5,1,0.3544198783309538,1.755350095000131,1.4009302166691773
Pd100,0,100% CO,3,1.0,2,0.4267036281365152,1.9830912111081274,1.5563875829716123
Ag10Pd90,10,0.1% CO,0,0.25,0,0.7123188851957016,-0.8250474491697026,-1.5373663343654043
Ag10Pd90,10,0.1% CO,0,0.5,1,0.3022878363580869,-0.09516203339221622,-0.39744986975030316
Ag10Pd90,10,0.1% CO,0,1.0,2,1.0012976221392882,-0.7379684611073781,-1.7392660832466662
Ag10Pd90,10,1% CO,1,0.25,0,-0.05179538931906131,-0.9199960637996019,-0.8682006744805405
Ag10Pd90,10,1% CO,1,0.5,1,-0.1815054521541235,-0.708488360627573,-0.5269829084734495
Ag10Pd90,10,1% CO,1,1.0,2,0.003908241037164935,-0.7235592037539745,-0.7274674447911395
Ag10Pd90,10,10% CO,2,0.25,0,-0.2883379639362182,-0.9925828553922824,-0.7042448914560642
Ag10Pd90,10,10% CO,2,0.5,1,-0.1802164522115916,-1.106426961749314,-0.9262105095377224
Ag10Pd90,10,10% CO,2,1.0,2,-0.1936024173511687,-1.1968217219945911,-1.0032193046434223
Ag10Pd90,10,100% CO,3,0.25,0,-0.5641926755102011,-1.5510683094131439,-0.9868756339029428
Ag10Pd90,10,100% CO,3,0.5,1,-0.39408365272260176,-1.6608871692409992,-1.2668035165183975
Ag10Pd90,10,100% CO,3,1.0,2,-0.4940725778209962,-1.773998169160794,-1.2799255913397978
Ag25Pd75,25,0.1% CO,0,0.25,0,-1.109847990451531,-2.9452970365675237,-1.8354490461159927
Ag25Pd75,25,0.1% CO,0,0.5,1,-0.8724800891111333,-2.9871129239155243,-2.1146328348043912
Ag25Pd75,25,0.1% CO,0,1.0,2,-0.7996188505874589,-3.121010011173641,-2.3213911605861823
Ag25Pd75,25,1% CO,1,0.25,0,-0.812214124210979,-2.025958357002307,-1.213744232791328
Ag25Pd75,25,1% CO,1,0.5,1,-0.7331512262512221,-2.0590766169626162,-1.3259253907113941
Ag25Pd75,25,1% CO,1,1.0,2,-0.645906298582946,-2.1988969232717896,-1.5529906246888436
Ag25Pd75,25,10% CO,2,0.25,0,-0.8752141801261479,-1.6791536406650824,-0.8039394605389345
Ag25Pd75,25,10% CO,2,0.5,1,-0.8186789931531478,-1.750083502190004,-0.9314045090368562
Ag25Pd75,25,10% CO,2,1.0,2,-0.7730144633623983,-1.8473912660145473,-1.074376802652149
Ag25Pd75,25,100% CO,3,0.25,0,-0.9224512672609357,-1.2531255881754997,-0.33067432091456395
Ag25Pd75,25,100% CO,3,0.5,1,-0.793629294272783,-1.3460882028198187,-0.5524589085470357
Ag25Pd75,25,100% CO,3,1.0,2,-0.7478904902984149,-1.4777586197904111,-0.7298681294919962
Ag50Pd50,50,0.1% CO,0,0.25,0,-1.1181832777285758,-3.622292379460432,-2.504109101731856
Ag50Pd50,50,0.1% CO,0,0.5,1,-1.0488519616384429,-3.622642938187287,-2.5737909765488443
Ag50Pd50,50,0.1% CO,0,1.0,2,-0.9836144182468569,-3.715182052930382,-2.731567634683525
Ag50Pd50,50,1% CO,1,0.25,0,-0.8629841559256037,-2.526448465114909,-1.6634643091893053
Ag50Pd50,50,1% CO,1,0.5,1,-0.8024148368046955,-2.6554489831692076,-1.8530341463645121
Ag50Pd50,50,1% CO,1,1.0,2,-0.7270086194928,-2.7960564775028955,-2.0690478580100953
Ag50Pd50,50,10% CO,2,0.25,0,-1.0019272433524316,-2.030678005526999,-1.0287507621745673
Ag50Pd50,50,10% CO,2,0.5,1,-0.9112846589777959,-2.129169474529233,-1.217884815551437
Ag50Pd50,50,10% CO,2,1.0,2,-0.7998542471443755,-2.2577838048831445,-1.457929557738769
Ag50Pd50,50,100% CO,3,0.25,0,-0.8554367540063352,-1.177161403037003,-0.3217246490306678
Ag50Pd50,50,100% CO,3,0.5,1,-0.8574205332069659,-1.286381711134777,-0.4289611779278112
Ag50Pd50,50,100% CO,3,1.0,2,-0.7452907933804714,-1.3793385762701862,-0.6340477828897148
Ag75Pd25,75,0.1% CO,0,0.25,0,-1.141242390693252,-3.299846433631321,-2.158604042938069
Ag75Pd25,75,0.1% CO,0,0.5,1,-0.9743061348865716,-3.47011115956826,-2.4958050246816885
Ag75Pd25,75,0.1% CO,0,1.0,2,-0.950807243228974,-3.5705268342185983,-2.6197195909896243
Ag75Pd25,75,1% CO,1,0.25,0,-0.7858120352740999,-2.4251762819694274,-1.6393642466953273
Ag75Pd25,75,1% CO,1,0.5,1,-0.7592749512876591,-2.46833205941678,-1.709057108129121
Ag75Pd25,75,1% CO,1,1.0,2,-0.6827990299268166,-2.5387638170330584,-1.8559647871062417
Ag75Pd25,75,10% CO,2,0.25,0,-0.8690490732516715,-1.9437381852326001,-1.0746891119809288
Ag75Pd25,75,10% CO,2,0.5,1,-0.8357999734916466,-1.9995653687874244,-1.1637653952957778
Ag75Pd25,75,10% CO,2,1.0,2,-0.7694655258651877,-2.024033259841038,-1.2545677339758505
Ag75Pd25,75,100% CO,3,0.25,0,-0.8558174512051009,-1.3294605499376966,-0.4736430987325957
Ag75Pd25,75,100% CO,3,0.5,1,-0.8201863277253403,-1.38679923549519,-0.5666129077698496
Ag75Pd25,75,100% CO,3,1.0,2,-0.7704659558192164,-1.4021662547531368,-0.6317002989339204
Ag90Pd10,90,0.1% CO,0,0.25,0,-1.3881392668672679,-4.374670738381893,-2.986531471514625
Ag90Pd10,90,0.1% CO,0,0.5,1,-1.4496287312026017,-4.411588855113993,-2.9619601239113913
Ag90Pd10,90,0.1% CO,0,1.0,2,-1.2846429075256285,-4.950027664777848,-3.6653847572522196
Ag90Pd10,90,1% CO,1,0.25,0,-1.1242449253316256,-3.434721212523489,-2.3104762871918636
Ag90Pd10,90,1% CO,1,0.5,1,-1.057655645655827,-3.5092571538192097,-2.4516015081633826
Ag90Pd10,90,1% CO,1,1.0,2,-0.9521756732412678,-3.660681572937576,-2.7085058996963083
Ag90Pd10,90,10% CO,2,0.25,0,-0.9576094291731878,-2.87275752344314,-1.9151480942699521
Ag90Pd10,90,10% CO,2,0.5,1,-0.8332616929068806,-2.9100352067351505,-2.07677351382827
Ag90Pd10,90,10% CO,2,1.0,2,-0.8649233905577267,-2.9279139297801398,-2.062990539222413
Ag90Pd10,90,100% CO,3,0.25,0,-0.9546469173024399,-2.1155535829941843,-1.1609066656917444
Ag90Pd10,90,100% CO,3,0.5,1,-0.7557385558953951,-2.1450498093785084,-1.3893112534831134
Ag90Pd10,90,100% CO,3,1.0,2,-0.6586746432272973,-2.161748978733753,-1.5030743355064557
